{
  "config": {
    "n_rx": 4,
    "n_tx": 4,
    "modulation": "qpsk",
    "channel_model": "rayleigh",
    "rho_tx": 0.0,
    "rho_rx": 0.0,
    "num_iters": 10,
    "epochs": 2000,
    "batch_size": 256,
    "num_eval_batches": 50
  },
  "results": {
    "snr_db": [
      0,
      2,
      4,
      6,
      8,
      10,
      12,
      14,
      16,
      18,
      20,
      22,
      24,
      26,
      28,
      30
    ],
    "oamp": [
      0.2596028645833333,
      0.208984375,
      0.15380859375,
      0.12158203125,
      0.0716552734375,
      0.049886067708333336,
      0.029599144345238096,
      0.018712660845588234,
      0.012138671875,
      0.0073828125,
      0.00482421875,
      0.003232421875,
      0.00189453125,
      0.001494140625,
      0.00109375,
      0.00052734375
    ],
    "oamp_net": [
      0.23714192708333334,
      0.17529296875,
      0.134521484375,
      0.1021484375,
      0.06231689453125,
      0.041951497395833336,
      0.02392578125,
      0.014418658088235295,
      0.00896484375,
      0.005107421875,
      0.003046875,
      0.0018359375,
      0.001259765625,
      0.001025390625,
      0.000673828125,
      0.000322265625
    ]
  }
}