{
  "config": {
    "n_rx": 4,
    "n_tx": 4,
    "modulation": "qpsk",
    "channel_model": "correlated",
    "rho_tx": 0.5,
    "rho_rx": 0.5,
    "num_iters": 10,
    "epochs": 2000,
    "batch_size": 256,
    "num_eval_batches": 200
  },
  "results": {
    "snr_db": [
      0,
      2,
      4,
      6,
      8,
      10,
      12,
      14,
      16,
      18,
      20,
      22,
      24,
      26,
      28,
      30
    ],
    "oamp": [
      0.300048828125,
      0.25830078125,
      0.20068359375,
      0.1650390625,
      0.120703125,
      0.08062744140625,
      0.05628551136363636,
      0.03759765625,
      0.023993130387931036,
      0.015125868055555556,
      0.010040713028169014,
      0.006180612664473684,
      0.004414998128742515,
      0.00262939453125,
      0.00180419921875,
      0.001123046875
    ],
    "oamp_net": [
      0.2666015625,
      0.2138671875,
      0.17350260416666666,
      0.13916015625,
      0.10625,
      0.06866455078125,
      0.04771839488636364,
      0.02912454044117647,
      0.017157192887931036,
      0.01103515625,
      0.00692534110915493,
      0.004291735197368421,
      0.0029267636601796407,
      0.00166015625,
      0.0011767578125,
      0.00072265625
    ]
  }
}