{
  "config": {
    "n_rx": 8,
    "n_tx": 8,
    "modulation": "qpsk",
    "channel_model": "rayleigh",
    "rho_tx": 0.0,
    "rho_rx": 0.0,
    "num_iters": 10,
    "epochs": 2000,
    "batch_size": 256,
    "num_eval_batches": 50
  },
  "results": {
    "snr_db": [
      0,
      2,
      4,
      6,
      8,
      10,
      12,
      14,
      16,
      18,
      20,
      22,
      24,
      26,
      28,
      30
    ],
    "oamp": [
      0.2515869140625,
      0.2149658203125,
      0.15869140625,
      0.10538736979166667,
      0.062353515625,
      0.0318603515625,
      0.015724875710227272,
      0.008779296875,
      0.0045703125,
      0.0030224609375,
      0.001494140625,
      0.00095703125,
      0.0005419921875,
      0.000322265625,
      0.000224609375,
      0.0001220703125
    ],
    "oamp_net": [
      0.2196044921875,
      0.1817626953125,
      0.135009765625,
      0.08902994791666667,
      0.0533203125,
      0.0254638671875,
      0.011119495738636364,
      0.0048046875,
      0.0022802734375,
      0.0011572265625,
      0.00048828125,
      0.0002978515625,
      0.000185546875,
      0.0001123046875,
      5.37109375e-05,
      5.37109375e-05
    ]
  }
}