{
  "config": {
    "n_rx": 4,
    "n_tx": 4,
    "modulation": "qpsk",
    "channel_model": "rayleigh",
    "rho_tx": 0.0,
    "rho_rx": 0.0,
    "num_iters": 3,
    "epochs": 2,
    "batch_size": 64,
    "num_eval_batches": 2
  },
  "results": {
    "snr_db": [
      0,
      2,
      4,
      6,
      8,
      10,
      12,
      14,
      16,
      18,
      20,
      22,
      24,
      26,
      28,
      30
    ],
    "oamp": [
      0.2333984375,
      0.181640625,
      0.1396484375,
      0.091796875,
      0.083984375,
      0.044921875,
      0.0322265625,
      0.0302734375,
      0.0078125,
      0.0048828125,
      0.001953125,
      0.001953125,
      0.0029296875,
      0.0009765625,
      0.0,
      0.0009765625
    ],
    "oamp_net": [
      0.234375,
      0.1826171875,
      0.142578125,
      0.0888671875,
      0.0849609375,
      0.044921875,
      0.0322265625,
      0.029296875,
      0.0068359375,
      0.0048828125,
      0.001953125,
      0.001953125,
      0.0029296875,
      0.0009765625,
      0.0009765625,
      0.0009765625
    ]
  }
}