{
  "config": {
    "n_rx": 4,
    "n_tx": 4,
    "modulation": "qpsk",
    "channel_model": "rayleigh",
    "rho_tx": 0.0,
    "rho_rx": 0.0,
    "num_iters": 3,
    "epochs": 2,
    "batch_size": 64,
    "num_eval_batches": 2
  },
  "results": {
    "snr_db": [
      0,
      2,
      4,
      6,
      8,
      10,
      12,
      14,
      16,
      18,
      20,
      22,
      24,
      26,
      28,
      30
    ],
    "oamp": [
      0.2265625,
      0.1796875,
      0.14453125,
      0.09375,
      0.072265625,
      0.04296875,
      0.0166015625,
      0.02734375,
      0.013671875,
      0.013671875,
      0.0048828125,
      0.0009765625,
      0.0048828125,
      0.0,
      0.001953125,
      0.0
    ],
    "oamp_net": [
      0.2255859375,
      0.1796875,
      0.1435546875,
      0.0908203125,
      0.072265625,
      0.0439453125,
      0.015625,
      0.0263671875,
      0.0146484375,
      0.0146484375,
      0.0048828125,
      0.0009765625,
      0.0048828125,
      0.0,
      0.001953125,
      0.0
    ]
  }
}